{
  "model_type": "ridge_numpy",
  "train": {
    "mae": 0.09550576367916283,
    "rmse": 0.12430053787182099,
    "r2": 0.3984847158836754
  },
  "val": {
    "mae": 0.09679619600037587,
    "rmse": 0.12484573693695697,
    "r2": 0.4298952545104844
  },
  "test": {
    "mae": 0.09695646377978476,
    "rmse": 0.12812530167712285,
    "r2": 0.407250614611972
  }
}